emp_id,Last_Nm,First_Nm,Full_Name,Email,Dept_Name,UserName,OfficePhone,IsActive,Created,CreatedBy,Modified,ModifiedBy,RowVersion,CurrentUserName
1,Zorbax,Xylith,Xylith Zorbax,xzorbax@acmeco.net,,xzorbax,555-555-3214,FALSE,10/10/2011,ACME\admin,6/17/2014,ACME\admin,3,xzorbax
2,Frostwind,Elara,Elara Frostwind,efrostwind@acmeco.net,,efrostwind,8345,TRUE,10/10/2011,ACME\admin,4/8/2014,ACME\admin,2,efrostwind
3,Quicksilver,Zephyr,Zephyr Quicksilver,zquicksilver@acmeco.net,,zquicksilver,8346,TRUE,10/10/2011,ACME\admin,4/8/2014,ACME\admin,2,zquicksilver
4,Moonstone,Lyra,Lyra Moonstone,lmoonstone@acmeco.net,,lmoonstone,555-555-3205,TRUE,10/10/2011,ACME\admin,4/8/2014,ACME\admin,2,lmoonstone
5,Stormrider,Kael,Kael Stormrider,kstormrider@acmeco.net,,kstormrider,555-555-3404,TRUE,10/10/2011,ACME\admin,4/8/2014,ACME\admin,2,kstormrider
6,Nightshade,Raven,Raven Nightshade,rnightshade@acmeco.net,,rnightshade,,TRUE,10/10/2011,ACME\admin,4/8/2014,ACME\admin,2,rnightshade
7,Sunburst,Apollo,Apollo Sunburst,asunburst@acmeco.net,,asunburst,8325,TRUE,10/10/2011,ACME\admin,4/8/2014,ACME\admin,2,asunburst
8,Starfall,Nova,Nova Starfall,nstarfall@acmeco.net,,nstarfall,555-555-3325,TRUE,10/10/2011,ACME\admin,4/8/2014,ACME\admin,2,nstarfall
10,Thunderbolt,Thor,Thor Thunderbolt,tthunderbolt@acmeco.net,,tthunderbolt,555-555-3285,TRUE,10/10/2011,ACME\admin,4/8/2014,ACME\admin,3,tthunderbolt
11,Dewdrop,Iris,Iris Dewdrop,idewdrop@acmeco.net,,idewdrop,8365,TRUE,10/10/2011,ACME\admin,4/8/2014,ACME\admin,2,idewdrop
12,Flameheart,Ember,Ember Flameheart,eflameheart@acmeco.net,,eflameheart,8347,TRUE,10/10/2011,ACME\admin,4/8/2014,ACME\admin,2,eflameheart
13,Shadowmist,Onyx,Onyx Shadowmist,oshadowmist@acmeco.net,,oshadowmist,,TRUE,10/10/2011,ACME\admin,4/8/2014,ACME\admin,2,oshadowmist
14,Lightwing,Aurora,Aurora Lightwing,alightwing@acmeco.net,,alightwing,,TRUE,10/10/2011,ACME\admin,4/8/2014,ACME\admin,2,alightwing
15,Rockfist,Granite,Granite Rockfist,grockfist@acmeco.net,,grockfist,8314,TRUE,10/10/2011,ACME\admin,4/8/2014,ACME\admin,2,grockfist
16,Moonshadow,Luna,Luna Moonshadow,lmoonshadow@acmeco.net,,lmoonshadow,555-555-3362,TRUE,10/10/2011,ACME\admin,4/8/2014,ACME\admin,2,lmoonshadow
17,Swiftwind,Zephyr,Zephyr Swiftwind,zswiftwind@acmeco.net,,zswiftwind,8326,TRUE,10/10/2011,ACME\admin,4/8/2014,ACME\admin,2,zswiftwind
18,Frostbite,Glacier,Glacier Frostbite,gfrostbite@acmeco.net,,gfrostbite,555-555-3275,FALSE,10/10/2011,ACME\admin,4/8/2014,ACME\admin,3,gfrostbite
19,Solarflare,Phoenix,Phoenix Solarflare,psolarflare@acmeco.net,,psolarflare,555-555-3475,TRUE,10/10/2011,ACME\admin,4/8/2014,ACME\admin,2,psolarflare
20,Nighthawk,Raven,Raven Nighthawk,rnighthawk@acmeco.net,,rnighthawk,8348,TRUE,10/10/2011,ACME\admin,4/8/2014,ACME\admin,2,rnighthawk
21,Stardust,Orion,Orion Stardust,ostardust@acmeco.net,,ostardust,555-555-3215,TRUE,10/10/2011,ACME\admin,4/8/2014,ACME\admin,2,ostardust
22,Thunderclap,Storm,Storm Thunderclap,sthunderclap@acmeco.net,,sthunderclap,555-555-3221,TRUE,10/10/2011,ACME\admin,4/8/2014,ACME\admin,2,sthunderclap
23,Leafwhisper,Willow,Willow Leafwhisper,wleafwhisper@acmeco.net,,wleafwhisper,555-555-3322,TRUE,10/10/2011,ACME\admin,4/8/2014,ACME\admin,2,wleafwhisper
24,Firestone,Blaze,Blaze Firestone,bfirestone@acmeco.net,,bfirestone,8327,TRUE,10/10/2011,ACME\admin,4/8/2014,ACME\admin,2,bfirestone
25,Mistwalker,Vapor,Vapor Mistwalker,vmistwalker@acmeco.net,,vmistwalker,555-555-3259,TRUE,10/10/2011,ACME\admin,4/8/2014,ACME\admin,2,vmistwalker
26,Lightbringer,Helios,Helios Lightbringer,hlightbringer@acmeco.net,,hlightbringer,555-555-3365,TRUE,10/10/2011,ACME\admin,4/8/2014,ACME\admin,2,hlightbringer
27,Ironheart,Steel,Steel Ironheart,sironheart@acmeco.net,,sironheart,555-555-3301,FALSE,10/10/2011,ACME\admin,4/8/2014,ACME\admin,4,sironheart
28,Dreamweaver,Morpheus,Morpheus Dreamweaver,mdreamweaver@acmeco.net,,mdreamweaver,8306,TRUE,10/10/2011,ACME\admin,4/8/2014,ACME\admin,2,mdreamweaver
29,Skydancer,Celeste,Celeste Skydancer,cskydancer@acmeco.net,,cskydancer,,TRUE,10/10/2011,ACME\admin,4/8/2014,ACME\admin,2,cskydancer
30,Earthshaker,Terra,Terra Earthshaker,tearthshaker@acmeco.net,,tearthshaker,8349,TRUE,10/10/2011,ACME\admin,4/8/2014,ACME\admin,2,tearthshaker
31,Wavecrest,Marina,Marina Wavecrest,mwavecrest@acmeco.net,,mwavecrest,555-555-3282,TRUE,10/10/2011,ACME\admin,4/8/2014,ACME\admin,2,mwavecrest
32,Windrider,Gale,Gale Windrider,gwindrider@acmeco.net,,gwindrider,555-555-3406,TRUE,10/10/2011,ACME\admin,4/8/2014,ACME\admin,2,gwindrider
33,Frostbloom,Crystal,Crystal Frostbloom,cfrostbloom@acmeco.net,,cfrostbloom,555-555-3369,TRUE,10/10/2011,ACME\admin,4/8/2014,ACME\admin,2,cfrostbloom
34,Sunseeker,Sol,Sol Sunseeker,ssunseeker@acmeco.net,,ssunseeker,555-555-3323,FALSE,10/10/2011,ACME\admin,4/8/2014,ACME\admin,3,ssunseeker
35,Moonbeam,Selene,Selene Moonbeam,smoonbeam@acmeco.net,,smoonbeam,8308,TRUE,10/10/2011,ACME\admin,4/8/2014,ACME\admin,2,smoonbeam
36,Stormchaser,Tempest,Tempest Stormchaser,tstormchaser@acmeco.net,,tstormchaser,555-555-3367,FALSE,10/10/2011,ACME\admin,4/8/2014,ACME\admin,3,tstormchaser
37,Shadowdancer,Umbra,Umbra Shadowdancer,ushadowdancer@acmeco.net,,ushadowdancer,8322,TRUE,10/10/2011,ACME\admin,4/8/2014,ACME\admin,2,ushadowdancer
38,Stargazer,Cosmos,Cosmos Stargazer,cstargazer@acmeco.net,,cstargazer,555-555-3550,TRUE,10/10/2011,ACME\admin,4/8/2014,ACME\admin,3,cstargazer
39,Thunderheart,Volt,Volt Thunderheart,vthunderheart@acmeco.net,,vthunderheart,555-555-3446,TRUE,10/10/2011,ACME\admin,4/8/2014,ACME\admin,2,vthunderheart
